Голиков;Николай;8(830)526-45-41;43;мужской
Горячев;Иван;8(830)070-21-01;55;мужской
Дьяков;Михаил;8(830)407-12-30;48;мужской
Козлова;Николь;8(830)665-63-67;42;женский
Куликова;Александра;8(830)674-68-41;44;женский
Лазарева;Лидия;8(830)476-91-16;19;женский
Лебедева;Александра;8(830)521-53-14;50;женский
Лебедева;Алёна;8(830)311-99-00;20;женский
Леонов;Артём;8(830)772-91-35;50;мужской
Малинин;Матвей;8(830)176-74-69;58;мужской
Матвеева;Полина;8(830)806-15-35;36;женский
Михайлов;Василий;8(830)641-77-50;47;мужской
Самсонова;София;8(830)523-62-46;18;женский
Сафонова;Светлана;8(830)955-50-71;34;женский
Симонов;Александр;8(830)816-66-70;48;мужской
Симонов;Вячеслав;8(830)116-39-38;38;мужской
Соболева;Валерия;8(830)796-16-31;22;женский
Ушаков;Константин;8(830)955-52-39;42;мужской
Федосеев;Герман;8(830)422-65-79;59;мужской
Шульгина;Ника;8(830)221-79-19;39;женский
